group,share_of_total_spend,share_of_total_spend_pct
Top 1%,0.4183100685663114,41.83100685663114
Top 5%,0.6886262444088292,68.86262444088293
Top 10%,0.8051616216312426,80.51616216312426
